,Sharpe Ratio,Sortino Ratio,Max Drawdown Duration,Max Drawdown [%],Total Trades,Total Return [%],oos_period_start,oos_period_end,is_period_start,is_period_end,train_best_params,train_best_sortino_ratio,symbol
BTC-USD,0.7362810279433111,1.2019067002038133,56 days,14.854240437892766,4,9.468133955003296,2024-03-08 00:00:00+00:00,2024-09-03 00:00:00+00:00,2023-03-14 00:00:00+00:00,2024-03-07 00:00:00+00:00,"(np.int64(13), np.int64(19), np.int64(6), np.int64(13), np.int64(10), 'TSLA')",4.1935251267165645,TSLA
BTC-USD,1.293755862504497,2.1781552445112955,76 days,20.475178519449944,5,20.06731515916239,2024-09-04 00:00:00+00:00,2025-03-02 00:00:00+00:00,2023-03-14 00:00:00+00:00,2024-09-03 00:00:00+00:00,"(np.int64(13), np.int64(16), np.int64(9), np.int64(5), np.int64(16), 'TSLA')",3.7448443342913036,TSLA
BTC-USD,-1.0072530526923473,-1.3473474426881653,39 days,11.332429043106162,3,-7.136913555413031,2025-03-03 00:00:00+00:00,2025-08-29 00:00:00+00:00,2023-03-14 00:00:00+00:00,2025-03-02 00:00:00+00:00,"(np.int64(4), np.int64(22), np.int64(9), np.int64(9), np.int64(10), 'TSLA')",3.339296617590079,TSLA
BTC-USD,0.0853927981395891,0.1364859669799777,113 days,7.651836520644357,2,0.15851130320460527,2025-08-30 00:00:00+00:00,2026-02-25 00:00:00+00:00,2023-03-14 00:00:00+00:00,2025-08-29 00:00:00+00:00,"(np.int64(13), np.int64(26), np.int64(7), np.int64(11), np.int64(12), 'TSLA')",2.9484789402505216,TSLA
BTC-USD,0.4038468253883083,0.6260304729319687,38 days,19.524642431327948,6,3.5641917487530037,2024-03-08 00:00:00+00:00,2024-09-03 00:00:00+00:00,2023-03-14 00:00:00+00:00,2024-03-07 00:00:00+00:00,"(np.int64(14), np.int64(15), np.int64(9), np.int64(8), np.int64(10), 'AAPL')",2.401342446784294,AAPL
BTC-USD,1.9274476816071746,3.4358268703970447,76 days,16.082504527031944,2,38.628911451983186,2024-09-04 00:00:00+00:00,2025-03-02 00:00:00+00:00,2023-03-14 00:00:00+00:00,2024-09-03 00:00:00+00:00,"(np.int64(6), np.int64(16), np.int64(8), np.int64(3), np.int64(10), 'AAPL')",3.0583982889145336,AAPL
BTC-USD,1.5021860547164958,3.8542271642035786,26 days,1.7988930784195105,2,5.517587589880591,2025-03-03 00:00:00+00:00,2025-08-29 00:00:00+00:00,2023-03-14 00:00:00+00:00,2025-03-02 00:00:00+00:00,"(np.int64(13), np.int64(15), np.int64(6), np.int64(5), np.int64(14), 'AAPL')",4.063244012809894,AAPL
BTC-USD,-0.3544255065677185,-0.5112400063312202,76 days,10.205681992156224,3,-3.311394086842242,2025-08-30 00:00:00+00:00,2026-02-25 00:00:00+00:00,2023-03-14 00:00:00+00:00,2025-08-29 00:00:00+00:00,"(np.int64(13), np.int64(15), np.int64(5), np.int64(3), np.int64(14), 'AAPL')",2.792607827877159,AAPL
BTC-USD,0.16968478455343744,0.26997509616420406,56 days,19.524642431327933,6,0.3336691422636733,2024-03-08 00:00:00+00:00,2024-09-03 00:00:00+00:00,2023-03-14 00:00:00+00:00,2024-03-07 00:00:00+00:00,"(np.int64(14), np.int64(15), np.int64(9), np.int64(5), np.int64(10), 'MSFT')",2.470986165558105,MSFT
BTC-USD,1.8829371058649491,3.2328546620146734,41 days,15.431160013549514,3,38.9124058942956,2024-09-04 00:00:00+00:00,2025-03-02 00:00:00+00:00,2023-03-14 00:00:00+00:00,2024-09-03 00:00:00+00:00,"(np.int64(7), np.int64(15), np.int64(7), np.int64(14), np.int64(10), 'MSFT')",1.868724479449563,MSFT
BTC-USD,0.4774457105637643,0.7681140261318116,39 days,6.318336100057863,2,2.597894218998775,2025-03-03 00:00:00+00:00,2025-08-29 00:00:00+00:00,2023-03-14 00:00:00+00:00,2025-03-02 00:00:00+00:00,"(np.int64(3), np.int64(15), np.int64(7), np.int64(4), np.int64(14), 'MSFT')",1.7483549047327485,MSFT
BTC-USD,-0.7811401279194234,-0.9165544927307094,143 days,13.498064181659641,2,-5.6408910268854555,2025-08-30 00:00:00+00:00,2026-02-25 00:00:00+00:00,2023-03-14 00:00:00+00:00,2025-08-29 00:00:00+00:00,"(np.int64(3), np.int64(15), np.int64(7), np.int64(5), np.int64(14), 'MSFT')",2.5611466840357795,MSFT
BTC-USD,-0.3000273602789886,-0.4065919559991042,90 days,13.059757801039423,3,-4.395239104479941,2024-03-08 00:00:00+00:00,2024-09-03 00:00:00+00:00,2023-03-14 00:00:00+00:00,2024-03-07 00:00:00+00:00,"(np.int64(12), np.int64(16), np.int64(7), np.int64(3), np.int64(10), 'NVDA')",4.061879002119155,NVDA
BTC-USD,-0.9861698137284075,-1.3361921235983156,56 days,11.93682149147814,2,-8.372681535375719,2024-09-04 00:00:00+00:00,2025-03-02 00:00:00+00:00,2023-03-14 00:00:00+00:00,2024-09-03 00:00:00+00:00,"(np.int64(3), np.int64(16), np.int64(9), np.int64(8), np.int64(10), 'NVDA')",5.826074516991116,NVDA
BTC-USD,-1.962482089344962,-2.0614559222053166,82 days,5.161639919405829,1,-5.161639919405829,2025-03-03 00:00:00+00:00,2025-08-29 00:00:00+00:00,2023-03-14 00:00:00+00:00,2025-03-02 00:00:00+00:00,"(np.int64(3), np.int64(16), np.int64(5), np.int64(3), np.int64(12), 'NVDA')",4.785846393912257,NVDA
BTC-USD,-1.8746726708381682,-2.3643253380131273,43 days,35.311531742601765,1,-29.886932763674313,2025-08-30 00:00:00+00:00,2026-02-25 00:00:00+00:00,2023-03-14 00:00:00+00:00,2025-08-29 00:00:00+00:00,"(np.int64(13), np.int64(19), np.int64(5), np.int64(5), np.int64(10), 'NVDA')",5.021595015230529,NVDA
BTC-USD,0.16968478455343744,0.26997509616420406,56 days,19.524642431327933,6,0.3336691422636733,2024-03-08 00:00:00+00:00,2024-09-03 00:00:00+00:00,2023-03-14 00:00:00+00:00,2024-03-07 00:00:00+00:00,"(np.int64(14), np.int64(15), np.int64(8), np.int64(5), np.int64(10), 'BTC-USD')",4.608627193964594,BTC-USD
BTC-USD,1.1523594657916623,1.9717408426667855,76 days,14.815929472016625,4,15.668221846829567,2024-09-04 00:00:00+00:00,2025-03-02 00:00:00+00:00,2023-03-14 00:00:00+00:00,2024-09-03 00:00:00+00:00,"(np.int64(14), np.int64(17), np.int64(5), np.int64(14), np.int64(12), 'BTC-USD')",4.026764622078931,BTC-USD
BTC-USD,-1.000174784457358,-1.2835960972398426,39 days,5.562986033385524,1,-3.5713186424170686,2025-03-03 00:00:00+00:00,2025-08-29 00:00:00+00:00,2023-03-14 00:00:00+00:00,2025-03-02 00:00:00+00:00,"(np.int64(10), np.int64(19), np.int64(4), np.int64(14), np.int64(12), 'BTC-USD')",3.959735201134006,BTC-USD
BTC-USD,-0.565447886336133,-0.7960831119984859,116 days,10.380598377110635,2,-4.014133014714972,2025-08-30 00:00:00+00:00,2026-02-25 00:00:00+00:00,2023-03-14 00:00:00+00:00,2025-08-29 00:00:00+00:00,"(np.int64(12), np.int64(17), np.int64(2), np.int64(3), np.int64(18), 'BTC-USD')",3.6905356091987205,BTC-USD
BTC-USD,0.4038468253883083,0.6260304729319687,38 days,19.524642431327948,6,3.5641917487530037,2024-03-08 00:00:00+00:00,2024-09-03 00:00:00+00:00,2023-03-14 00:00:00+00:00,2024-03-07 00:00:00+00:00,"(np.int64(14), np.int64(15), np.int64(7), np.int64(10), np.int64(10), 'ETH-USD')",3.658343606512501,ETH-USD
BTC-USD,0.6258190274184074,0.9904413337380091,76 days,25.344976577302997,7,7.961001742640192,2024-09-04 00:00:00+00:00,2025-03-02 00:00:00+00:00,2023-03-14 00:00:00+00:00,2024-09-03 00:00:00+00:00,"(np.int64(13), np.int64(16), np.int64(5), np.int64(7), np.int64(14), 'ETH-USD')",3.998622897883867,ETH-USD
BTC-USD,1.5021860547164958,3.8542271642035786,26 days,1.7988930784195105,2,5.517587589880591,2025-03-03 00:00:00+00:00,2025-08-29 00:00:00+00:00,2023-03-14 00:00:00+00:00,2025-03-02 00:00:00+00:00,"(np.int64(13), np.int64(16), np.int64(6), np.int64(7), np.int64(14), 'ETH-USD')",4.723068044473023,ETH-USD
BTC-USD,-2.963766615563223,-3.146487367405865,116 days,38.36718842172733,5,-34.63528760423108,2025-08-30 00:00:00+00:00,2026-02-25 00:00:00+00:00,2023-03-14 00:00:00+00:00,2025-08-29 00:00:00+00:00,"(np.int64(13), np.int64(16), np.int64(8), np.int64(4), np.int64(14), 'ETH-USD')",4.774002330587731,ETH-USD
BTC-USD,-0.21298087225110215,-0.3063968283478008,56 days,13.566139002143391,5,-3.5335278719752097,2024-03-08 00:00:00+00:00,2024-09-03 00:00:00+00:00,2023-03-14 00:00:00+00:00,2024-03-07 00:00:00+00:00,"(np.int64(14), np.int64(15), np.int64(4), np.int64(3), np.int64(10), 'SOL-USD')",5.927038635911119,SOL-USD
BTC-USD,-1.576270433100821,-1.954414417852423,68 days,24.461244638876224,5,-15.854662518938726,2024-09-04 00:00:00+00:00,2025-03-02 00:00:00+00:00,2023-03-14 00:00:00+00:00,2024-09-03 00:00:00+00:00,"(np.int64(14), np.int64(15), np.int64(4), np.int64(3), np.int64(10), 'SOL-USD')",5.644344640781283,SOL-USD
BTC-USD,1.9606082986870659,8.763756254828223,2 days,0.7889709931436072,1,4.9107275556145,2025-03-03 00:00:00+00:00,2025-08-29 00:00:00+00:00,2023-03-14 00:00:00+00:00,2025-03-02 00:00:00+00:00,"(np.int64(14), np.int64(17), np.int64(9), np.int64(4), np.int64(14), 'SOL-USD')",4.988665366028181,SOL-USD
BTC-USD,-2.0777367723376536,-2.218391781795032,99 days,28.21197478871358,3,-23.865170170978345,2025-08-30 00:00:00+00:00,2026-02-25 00:00:00+00:00,2023-03-14 00:00:00+00:00,2025-08-29 00:00:00+00:00,"(np.int64(14), np.int64(17), np.int64(5), np.int64(9), np.int64(16), 'SOL-USD')",4.324152466987036,SOL-USD
